{
    "registrationCubesData": {
        "Anchors": [
            {
                "PrefabName": "RegistrationCube",
                "Prefab": {
                    "instanceID": 0
                },
                "Position": {
                    "x": 1.0795676708221436,
                    "y": -0.4146099388599396,
                    "z": -0.09130999445915222
                },
                "Rotation": {
                    "x": 0.0,
                    "y": 0.32080966234207156,
                    "z": 0.0,
                    "w": 0.9471436738967896
                }
            },
            {
                "PrefabName": "RegistrationCube",
                "Prefab": {
                    "instanceID": 0
                },
                "Position": {
                    "x": 0.9663074612617493,
                    "y": -0.4088491201400757,
                    "z": -0.08042964339256287
                },
                "Rotation": {
                    "x": 0.0,
                    "y": 0.2363433837890625,
                    "z": 0.0,
                    "w": 0.971669614315033
                }
            },
            {
                "PrefabName": "RegistrationCube",
                "Prefab": {
                    "instanceID": 0
                },
                "Position": {
                    "x": 0.8858103156089783,
                    "y": -0.4105232357978821,
                    "z": -0.7182228565216065
                },
                "Rotation": {
                    "x": 0.0,
                    "y": 0.6340431571006775,
                    "z": 0.0,
                    "w": 0.7732976675033569
                }
            },
            {
                "PrefabName": "RegistrationCube",
                "Prefab": {
                    "instanceID": 0
                },
                "Position": {
                    "x": 0.8833187818527222,
                    "y": -0.9999909400939941,
                    "z": -0.7215536832809448
                },
                "Rotation": {
                    "x": 0.0,
                    "y": 0.701271116733551,
                    "z": 0.0,
                    "w": 0.7128946781158447
                }
            }
        ]
    },
    "regCount": 4,
    "scalingUsed": false,
    "alignmentResult": {
        "rotation": [
            -0.0041568647138774399,
            0.005275637377053499,
            0.006956619210541248,
            0.9999532699584961
        ],
        "translation": [
            0.0007865428924560547,
            -0.03470510244369507,
            0.0018927156925201417
        ],
        "scale": 1.0
    }
}